{"f1_score": 0.8780487804878049, "recall_score": 0.9473684210526315, "accuracy_score": 0.8387096774193549, "precision_score": 0.8181818181818182, "roc_auc_score": 0.9649122807017543}